ID,Stufe,Priorität,Abschnitt,Kurzbeschreibung,Issue,Modul,Tests,Status
F-KAS-010,V1,MUSS,8.1 Ticketverkauf (Kasse),Das Kassenpersonal muss einen Standardverkauf für eine Gruppe in maximal sechs Interaktionen und in der Regel in weniger als 15 Sekunden abschließen können. Freiwillige Zusatzan…,,BP-04,"30 automatisierte Browserverkäufe: Median 581 ms, Maximum 843 ms, höchstens 2 Interaktionen; Feldabnahmeprotokoll vorhanden, Originalhardwaremessung ausstehend",in Arbeit
F-KAS-020,V1,MUSS,8.1 Ticketverkauf (Kasse),Zusammen verkaufte Tickets erhalten automatisch eine gemeinsame Gruppen-ID. Gruppenbindungen werden in allen Folgeprozessen berücksichtigt.,,BP-04,Unit Zustandsautomat + Integration Verkauf/Umlauf + E2E erstes Vertical Slice,umgesetzt
F-KAS-030,V1,MUSS,8.1 Ticketverkauf (Kasse),"Gewichtsklassen (Kind, Normal, Schwer, Individuell mit kg-Angabe) müssen je Produkt oder Veranstaltung konfigurierbar aktivierbar sein. Ist die Funktion aktiv, ist je Person ein…",,BP-04,Unit Zustandsautomat + Integration Verkauf/Umlauf + E2E erstes Vertical Slice,umgesetzt
F-KAS-040,V1,MUSS,8.1 Ticketverkauf (Kasse),"Keine Namen oder Telefonnummern im Ticketkern; nur anonyme Ticketmerkmale und getrennte freiwillige Web-Push-Registrierung.",,BP-04,ADR-0006 + Contract phone-free Verkauf/Standby + Schema-/UI-Prüfung,umgesetzt
F-KAS-050,V1,MUSS,8.1 Ticketverkauf (Kasse),"Jedes Ticket erhält eine eindeutige, nicht erratbare Ticketnummer mit QR-Code. V1 unterstützt sowohl vorgedruckte Ticketcodes als auch die Ausgabe eines druckbaren oder digitale…",,BP-04,Unit Zustandsautomat + Integration Verkauf/Umlauf + E2E erstes Vertical Slice,umgesetzt
F-KAS-055,V2,SOLL,8.1 Ticketverkauf (Kasse),Eine gerätespezifische Bondrucker-Anbindung zur direkten Ticketausgabe ist vorzusehen.,,BP-04,Unit Zustandsautomat + Integration Verkauf/Umlauf + E2E erstes Vertical Slice,geplant
F-KAS-060,V1,MUSS,8.1 Ticketverkauf (Kasse),"Keine Erfassung von Bezahlstatus oder Zahlart; Produktpreis nur als Information ohne Zahlungsabwicklung.",,BP-04,ADR-0008 + Contract zahlungsfreier Verkauf + Browser Kasse,umgesetzt
F-KAS-070,V1,MUSS,8.1 Ticketverkauf (Kasse),"Storno ist nur für Kasse und Administrator zulässig, erfordert einen Grund und erzeugt einen unveränderlichen Protokolleintrag.",,BP-05,Unit Queue/Gruppenschutz + Integration Rollen/PIN/Grund/Idempotenz/Umlauffreigabe/Audit + Browser Kasse,umgesetzt
F-KAS-080,V1,MUSS,8.1 Ticketverkauf (Kasse),Umbuchung eines Tickets auf ein anderes Produkt muss mit korrekter Neueinreihung in die operative Warteschlange und vollständiger Protokollierung möglich sein.,,BP-05,Unit Queue/Gruppenschutz + Integration stale write/Zielprodukt/Queue-Neueinreihung/Audit + Browser Kasse,umgesetzt
F-KAS-090,V1,MUSS,8.1 Ticketverkauf (Kasse),"Ticketsuche nach Ticketnummer, Gruppen-ID, Fluggruppen-/Slotnummer und QR-Code.",,BP-04,Unit Zustandsautomat + Integration Verkauf/Umlauf + E2E erstes Vertical Slice,umgesetzt
F-KAS-100,V1,MUSS,8.1 Ticketverkauf (Kasse),"Die Verkaufskachel zeigt je Produkt mindestens: Betriebsstatus, realistische Wartezeitspanne, prognostiziertes Aufruf-/Boardingfenster, Kapazitätsampel und realistisch verbleibe…",,BP-04,Unit Prognose/Kapazität + Integration Produktfenster/Restplätze/Qualität + Tablet-Browser Kasse,umgesetzt
F-KAS-110,V1,SOLL,8.1 Ticketverkauf (Kasse),"Ist für ein Produkt eine Begleitpflicht für Kinder hinterlegt, weist das System bei einer Kinderbuchung ohne erwachsene Begleitung in derselben Gruppe deutlich darauf hin.",,BP-04,Contract Produktkonfiguration + Unit Begleitwarnung + fokussierter UI-Komponententest des deutlichen Kassenhinweises,umgesetzt
F-KAS-120,V1,MUSS,8.1 Ticketverkauf (Kasse),"Der Verkauf wird technisch gesperrt, wenn das Produkt oder seine Ressourcengruppe nicht verkaufbar ist, der Verkaufsschluss erreicht ist oder der Notfallmodus aktiv ist. Der Spe…",,BP-04,Unit Sale Guard + Integration Veranstaltung/Öffnung/Produkt/Schluss/Ressourcengruppe/Unterbrechung/Notfall/Kapazität,umgesetzt
F-KAS-130,V1,MUSS,8.1 Ticketverkauf (Kasse),"Tageszählbericht mit verkauften Tickets und Stornos je Produkt; keine Zahlarten oder Bezahlstatus.",,BP-10,GET reports/daily.csv + Browser Admin + docs/operations/reports.md,in Arbeit
F-KAS-140,V2,KANN,8.1 Ticketverkauf (Kasse),Gutschein-Tickets können ohne sofortige Einreihung ausgegeben und später an der Kasse eingelöst werden.,,BP-04,Unit Zustandsautomat + Integration Verkauf/Umlauf + E2E erstes Vertical Slice,geplant
F-KAS-150,V2,KANN,8.1 Ticketverkauf (Kasse),Warteliste je Produkt für ausverkaufte oder gesperrte Angebote; Vormerkung ohne Zahlung und geregeltes Nachrücken bei frei werdender Kapazität.,,BP-04,Unit Zustandsautomat + Integration Verkauf/Umlauf + E2E erstes Vertical Slice,geplant
F-KAS-160,V1,MUSS,8.1 Ticketverkauf (Kasse),Die Kasse verkauft ausschließlich auf Basis der aktuellen Betriebs- und Prognoselage. Eine feste Flugzeug- oder Pilotenzuordnung durch die Kasse ist ausgeschlossen.,,BP-04,Integration aktuelle Betriebs-/Prognoselage + manipulierte Kassenfelder ohne Flugzeug-/Pilotenzuordnung,umgesetzt
F-RES-010,V1,MUSS,"8.2 Produkte, Ressourcengruppen und Flugzeuge","Jedes buchbare Produkt verwendet genau eine Ressourcengruppe. Produktmerkmale wie Bezeichnung, Preis, Referenzdauer, öffentliche Darstellung und Verkaufsregeln sind von der Ress…",,BP-03,E2E Produkt-FK/Parameter/Gate + Admin-Stammdaten/Audit,umgesetzt
F-RES-020,V1,MUSS,"8.2 Produkte, Ressourcengruppen und Flugzeuge",Mehrere Produkte dürfen dieselbe Ressourcengruppe verwenden. Deren Nachfrage wird in einer gemeinsamen operativen Kapazität disponiert.,,BP-03,E2E zwei Produkte/eine Gruppe/gemeinsame Queue + Kassenanzeige,umgesetzt
F-RES-030,V1,MUSS,"8.2 Produkte, Ressourcengruppen und Flugzeuge",Eine Ressourcengruppe kann ein oder mehrere Flugzeuge enthalten. Standardmäßig besitzt jedes Flugzeug eine eigene Ressourcengruppe; die Zusammenfassung mehrerer Flugzeuge ist ko…,,BP-03,E2E zwei kompatible Flugzeuge in einer Gruppe + Zuordnungsaudit,umgesetzt
F-RES-040,V1,MUSS,"8.2 Produkte, Ressourcengruppen und Flugzeuge",Ein Flugzeug darf zu jedem Zeitpunkt höchstens einer aktiven Ressourcengruppe zugeordnet sein. Das System muss widersprüchliche Zuordnungen technisch verhindern.,,BP-03,Unit Invarianten + Integration Stammdaten/Constraints,umgesetzt
F-RES-050,V1,MUSS,"8.2 Produkte, Ressourcengruppen und Flugzeuge",Zuordnungen von Flugzeugen zu Ressourcengruppen besitzen Gültigkeitszeiträume und werden historisiert. Änderungen im laufenden Betrieb werden mit Auswirkungen auf Queue und Prog…,,BP-03,Unit Invarianten + Integration Stammdaten/Constraints,umgesetzt
F-RES-060,V1,MUSS,"8.2 Produkte, Ressourcengruppen und Flugzeuge","Kompatibilität und Kapazität werden aus konkret zugeordneten Flugzeugen abgeleitet; keine Freitext-Typenliste oder manuelle Gruppenkapazität.",,BP-03,ADR-0008 + Unit abgeleitete Kapazität + Integration Stammdaten/Constraints,umgesetzt
F-RES-070,V1,MUSS,"8.2 Produkte, Ressourcengruppen und Flugzeuge","Ressourcengruppen besitzen einen eigenen Betriebsstatus: aktiv, pausiert, unterbrochen oder beendet. Der Status wirkt auf Verkauf, Aufruf, Prognose und Anzeigen.",,BP-03,E2E Status/Audit/Verkaufs- und Aufrufsperre/unsichere Prognose/Public DTO,umgesetzt
F-RES-080,V1,MUSS,"8.2 Produkte, Ressourcengruppen und Flugzeuge",Die operative Queue wird je Ressourcengruppe geführt. Produktzugehörigkeit und stabile öffentliche Fluggruppen-/Slotnummern bleiben dabei erhalten.,,BP-03,Unit Invarianten + Integration Stammdaten/Constraints,umgesetzt
F-RES-090,V1,SOLL,"8.2 Produkte, Ressourcengruppen und Flugzeuge","Flugzeuge mit abweichender Sitzplatzkapazität dürfen in einer Ressourcengruppe betrieben werden, sofern die konkrete Kapazität beim Umlauf berücksichtigt wird. V1 darf hierfür e…",,BP-03,"Integration Kapazitäts-/Pilotkonflikt: Zwei- und Vier-Sitz-Flugzeug in einer Ressourcengruppe; Vierergruppe erhält nur passenden Vorschlag; zu kleines Flugzeug wird auch bei bestätigtem NEXT abgewiesen",umgesetzt
F-RES-100,V2,SOLL,"8.2 Produkte, Ressourcengruppen und Flugzeuge","Eine temporäre Umgruppierung eines Flugzeugs im laufenden Betrieb ist nur durch Leiter Flight Line oder Administrator zulässig, zeigt die prognostizierten Auswirkungen vor Bestä…",,BP-03,Unit Invarianten + Integration Stammdaten/Constraints,geplant
F-SLT-010,V1,MUSS,"8.3 Fluggruppen, Slots und Warteschlangen",Das System bildet aus verkauften Tickets stabile Fluggruppen/Slots je Produkt. Die operative Reihenfolge wird innerhalb der zugehörigen Ressourcengruppe geführt. Beim Verkauf er…,,BP-05,Unit Queueplanung + Integration stabile Produktkennung/Ressourcengruppenreihenfolge/Kapazitätsgrenze,umgesetzt
F-SLT-020,V1,MUSS,"8.3 Fluggruppen, Slots und Warteschlangen","Zusammen gekaufte Tickets bleiben grundsätzlich zusammen. Ist eine Gruppe größer als die verfügbare Kapazität eines einzelnen Umlaufs, wird sie nur nach ausdrücklichem Hinweis a…",,BP-05,"Domain planBookingGroupSplit + Contract Bestätigungsmerkmal + Integration bestätigte Folgeslots/Zurückstellung/Storno + Kassenhinweis mit konkreter Aufteilung und ausdrücklicher Bestätigung + Browserprüfung",umgesetzt
F-SLT-030,V1,MUSS,"8.3 Fluggruppen, Slots und Warteschlangen",Freie Plätze in noch nicht aufgerufenen Fluggruppen füllt das System automatisch mit der vordersten passenden Gruppe oder Einzelperson. Standby-Tickets dürfen bevorzugt werden.…,,BP-05,Unit Queueplanung + Integration automatische Ganzgruppen-Nachbesetzung/Überlauf/Produkttrennung/Teilkorrektur,umgesetzt
F-SLT-040,V1,MUSS,"8.3 Fluggruppen, Slots und Warteschlangen","Fluggruppen dürfen bis zum Statuswechsel IM FLUG geändert, ergänzt oder nachbesetzt werden. Nach IM FLUG ist die Besetzung unveränderlich; Korrekturen sind nur als dokumentierte…",,BP-05,Domain Sperrpunkt + MOVE_TICKET_GROUP + administrativer CORRECT_ROTATION_MANIFEST-Sonderweg + Integration Gruppenschutz/Audit/Idempotenz/stale write + Admin-UI/Browserabnahme,umgesetzt
F-SLT-050,V1,MUSS,"8.3 Fluggruppen, Slots und Warteschlangen",Leiter Flight Line und Flight-Line-Personal können Fluggruppen manuell anpassen. Jede Abweichung vom Systemvorschlag wird protokolliert.,,BP-05,"Rollenprüfung FLIGHT_LINE/LEAD/ADMIN + append-only TICKET_GROUP_MOVED mit Grund/Quelle/Ziel/Abweichungsmerkmal + responsive Flight-Line-Disposition + Browserprüfung",umgesetzt
F-SLT-060,V1,MUSS,"8.3 Fluggruppen, Slots und Warteschlangen",Die nutzbare Platzanzahl eines konkreten Umlaufs kann vor dem Aufruf reduziert werden. Nicht mitfliegende Tickets rücken unter Erhalt der Gruppenbindung an die vorderste passend…,,BP-05,"Migration 0027 + Domain Queue-Suffix-Plan + SET_ROTATION_CAPACITY + Integration Ganzgruppen-Wiedereinreihung/öffentliche Queue/Role/Idempotenz/stale write/Audit/Sperre nach Aufruf + Leitungs-UI",umgesetzt
F-SLT-070,V1,MUSS,"8.3 Fluggruppen, Slots und Warteschlangen","Abgeleitete Kapazitätsspanne steuert Verkauf und Fluggruppenbildung; Teilung nur ohne ausreichend großes Flugzeug und nach Bestätigung.",,BP-05,ADR-0008 + Integration gemischte Flotte/kleinstes passendes Flugzeug/Gruppenschutz,umgesetzt
F-SLT-080,V1,MUSS,"8.3 Fluggruppen, Slots und Warteschlangen","Nach jedem relevanten Ereignis berechnet das System Reihenfolge, Zuordnungen, Prognosen und Wartezeitspannen neu und verteilt den neuen Stand in Echtzeit an alle Geräte.",,BP-05,E2E Vertical Slice: atomar persistierter Zustands-Broadcast und nachgelagerter Forecast-Broadcast nach Verkauf und NEXT; zwei Geräte lesen identische Prognosezeitpunkte/Wartefenster derselben Eventversion unter zwei Sekunden,umgesetzt
F-SLT-090,V1,MUSS,"8.3 Fluggruppen, Slots und Warteschlangen","Fällt ein Flugzeug aus, verteilt das System noch nicht gestartete Fluggruppen auf verbleibende kompatible Flugzeuge der Ressourcengruppe neu. Bereits aufgerufene Gruppen werden…",,BP-05,Integration Flottenbetrieb: auditierter Abbruch vor Start schützt Gesamtgruppe und Queue-Position; ausgefallenes Flugzeug wird deaktiviert; kompatibles Ersatzflugzeug bleibt Vorschlag bis zum zweiten expliziten NEXT,umgesetzt
F-SLT-100,V1,MUSS,"8.3 Fluggruppen, Slots und Warteschlangen","Jede Fluggruppe erhält eine fortlaufende, gut kommunizierbare Tagesnummer in Verbindung mit dem Produktkürzel, z. B. SR-042. Diese Kennung ist auf allen Ansichten identisch.",,BP-05,Contract und Integration Queue-Gruppierung: identisches Produktkürzel/Tagesnummer-Label in Ticketsuche und Operationssicht; Kasse Flight Line Admin Ticketstatus und FIDS verwenden denselben Vertrag,umgesetzt
F-SLT-110,V1,MUSS,"8.3 Fluggruppen, Slots und Warteschlangen","Nutzen mehrere Produkte dieselbe Ressourcengruppe, gilt in V1 grundsätzlich die Verkaufsreihenfolge über Produktgrenzen hinweg. Konfigurierbare Produktprioritäten oder Quoten dü…",,BP-05,Unit Queue/Gruppenschutz + Integration Sonderfälle + E2E No-Show/Umbuchung,umgesetzt
F-SLT-120,V1,MUSS,"8.3 Fluggruppen, Slots und Warteschlangen",Eine noch nicht fest zugeordnete Fluggruppe wird dem frühest verfügbaren kompatiblen Flugzeug vorgeschlagen. Dabei dürfen weder Flugzeug- noch Pilotenkonflikte entstehen.,,BP-05,Integration Pilotenkonflikt mit Kapazitätsschutz und zeitlicher Frühestverfügbarkeit mehrerer laufender Flugzeuge,umgesetzt
F-EVT-010,V1,MUSS,8.4 Ereignisse und Flight-Line-/Boarding-Ablauf,"Alle fachlich relevanten Änderungen werden als Ereignisse mit Zeitstempel, Quelle, Gerät, Bezug und Nutzdaten erfasst. Der operative Zustand wird aus diesen Ereignissen abgeleitet.",,BP-02,E2E Vertical Slice Zustand/Ereignis/Gerät + auditierter Korrekturbezug,umgesetzt
F-EVT-020,V1,MUSS,8.4 Ereignisse und Flight-Line-/Boarding-Ablauf,"Ereignisse müssen idempotent verarbeitet werden. Doppel-Tipps, Wiederholungen nach Verbindungsstörungen oder parallele Eingaben dürfen keine doppelten Statuswechsel erzeugen.",,BP-02,Unit Domänenverträge + Integration Autorisierung/Idempotenz/Concurrency + Reconnect,umgesetzt
F-EVT-030,V1,MUSS,8.4 Ereignisse und Flight-Line-/Boarding-Ablauf,"Fehleingaben werden nicht durch Überschreiben historischer Zeitstempel korrigiert, sondern durch ein nachvollziehbares Korrektur- oder Rücknahmeereignis.",,BP-02,Integration Vertical Slice: NEXT + REVOKE_CALL + Ledger-Verweis + erneuter NEXT,umgesetzt
F-EVT-040,V1,MUSS,8.4 Ereignisse und Flight-Line-/Boarding-Ablauf,"Das System darf aus einer Primäraktion mehrere fachliche Ereignisse ableiten, sofern diese Ableitung transparent und protokolliert ist, z. B. NEXT erzeugt Aufruf und Boardingbeg…",,BP-02,E2E CALL_NEXT mit protokolliertem Aufruf und atomarem Boarding-/Flugzeugzustand,umgesetzt
F-EVT-050,V3,SOLL,8.4 Ereignisse und Flight-Line-/Boarding-Ablauf,Spätere automatische Quellen wie ADS-B dürfen Ereignisse vorschlagen oder plausibilisieren. Eine automatische Übernahme muss je Ereignistyp konfigurierbar sein.,,BP-02,Unit Domänenverträge + Integration Autorisierung/Idempotenz/Concurrency + Reconnect,geplant
F-BRD-010,V1,MUSS,8.4 Ereignisse und Flight-Line-/Boarding-Ablauf,"Der Standardumlauf ist mit vier Primäraktionen durchführbar: NEXT, IM FLUG, GELANDET und ABGESCHLOSSEN/VERFÜGBAR. Flugzeug und Pilot werden vorgeschlagen; zusätzliche Interaktio…",,BP-04,Unit Zustandsautomat + Integration Verkauf/Umlauf + E2E erstes Vertical Slice,umgesetzt
F-BRD-020,V1,MUSS,8.4 Ereignisse und Flight-Line-/Boarding-Ablauf,"NEXT übernimmt den aktuellen Vorschlag, setzt die Fluggruppe auf Bitte zur Flight Line/Boarding, startet die Boardingmessung und löst Monitore sowie Benachrichtigungen aus.",,BP-04,Unit Zustandsautomat + Integration NEXT/Ist-Zeit/Audit/Realtime + E2E öffentlicher Status/Monitor/Push,umgesetzt
F-BRD-025,V1,SOLL,8.4 Ereignisse und Flight-Line-/Boarding-Ablauf,Check-in beziehungsweise Anwesenheit kann je Ticket per QR-Scan oder Antippen erfasst werden. Der Standardumlauf muss auch ohne Einzel-Scan vollständig bedienbar bleiben.,,BP-05,SET_TICKET_ATTENDANCE + Migration 0013 + Browser Flight Line + Idempotenztest,umgesetzt
F-BRD-030,V1,MUSS,8.4 Ereignisse und Flight-Line-/Boarding-Ablauf,Je Flugzeug ist ein aktueller Pilot hinterlegt und wird vorgeschlagen. Ein Pilotwechsel ist mit einer zusätzlichen Interaktion möglich und wird protokolliert.,,BP-05,Migration veranstaltungsbezogener aktueller Pilot + Integration Vorschlag/Wechsel/Audit + Browser Flight Line,umgesetzt
F-BRD-040,V1,MUSS,8.4 Ereignisse und Flight-Line-/Boarding-Ablauf,"Ein Pilot darf zu keinem Zeitpunkt mehr als einen Umlauf in Boarding, Bereit oder Im Flug besitzen. Das System verhindert Konflikte technisch.",,BP-04,Integration zwei Flugzeuge/ein Pilot Konfliktabweisung + zwei Piloten parallele Annahme + Operationssicht,umgesetzt
F-BRD-050,V1,MUSS,8.4 Ereignisse und Flight-Line-/Boarding-Ablauf,Ein Ticket darf zu keinem Zeitpunkt mehr als einem nicht abgeschlossenen Umlauf zugeordnet sein. Dies gilt auch bei paralleler Bedienung mehrerer Geräte.,,BP-05,Partieller eindeutiger D1-Index + Integration zwei Geräte/ein Gewinner/stale write/eine aktive Zuordnung/ein Audit-Ereignis,umgesetzt
F-BRD-060,V1,MUSS,8.4 Ereignisse und Flight-Line-/Boarding-Ablauf,"Das System führt mindestens die Ticketzustände Verkauft, Wartend, Voraufruf, Bitte zur Flight Line, Eingecheckt, Boarding, Im Flug, Gelandet, Abgeschlossen, Zurückgestellt, No-S…",,BP-04,Atomare Ticket-/Anwesenheitszustände + abgeleiteter Voraufruf + Integration Standardfolge/Rücknahme/No-Show/Klärung/Storno,umgesetzt
F-BRD-070,V1,MUSS,8.4 Ereignisse und Flight-Line-/Boarding-Ablauf,Tickets können mit einer Interaktion zurückgestellt werden. Die Anzahl wird gezählt; nach einer konfigurierbaren Höchstzahl wechselt das Ticket in Klärung Kasse.,,BP-04,Migration Zähler/Schwellenwert + Adminparameter + Integration Wiedereinreihung/Klärung/Kassensuche/Audit,umgesetzt
F-BRD-080,V1,MUSS,8.4 Ereignisse und Flight-Line-/Boarding-Ablauf,"Erscheint ein aufgerufener Gast nicht innerhalb der konfigurierten Frist, kann das Ticket auf No-Show gesetzt werden. Das System schlägt eine Nachbesetzung vor; das Personal ent…",,BP-04,"Domain Fristprüfung + anonymes Einzel-Ticket-Kommando + atomare Audit-/Idempotenz-/Outbox-Persistenz + bewusste Nachbesetzungsentscheidung in Flight Line",umgesetzt
F-BRD-085,V1,MUSS,8.4 Ereignisse und Flight-Line-/Boarding-Ablauf,"Gruppenschutz: Gruppen werden nach dem Aufruf niemals automatisch getrennt. Fehlen Mitglieder, entscheidet das Flight-Line-Personal zwischen unvollständig fliegen, Gruppe gemein…",,BP-05,"Unit Queue/Gruppenschutz + Integration auditierte Anwesenheitsentscheidung/Idempotenz + responsive Flight-Line-Disposition für unvollständig fliegen, gemeinsam zurückstellen oder Platz leer lassen",umgesetzt
F-BRD-090,V1,MUSS,8.4 Ereignisse und Flight-Line-/Boarding-Ablauf,Ein Umlauf kann vor IM FLUG abgebrochen werden; alle Tickets kehren unter Erhalt ihrer Gruppenbindung an die vorderste passende Warteschlangenposition zurück.,,BP-05,Unit Queue/Gruppenschutz + Integration Sonderfälle + E2E No-Show/Umbuchung,umgesetzt
F-BRD-100,V1,MUSS,8.4 Ereignisse und Flight-Line-/Boarding-Ablauf,"Das System misst getrennt mindestens Boardingdauer, Flugzeit, Zeit von Landung bis Abschluss und gesamte Umlaufzeit. Die Messpunkte werden aus den Primärereignissen abgeleitet.",,BP-04,Unit Zustandsautomat + Integration Verkauf/Umlauf + E2E erstes Vertical Slice,umgesetzt
F-BRD-110,V1,SOLL,8.4 Ereignisse und Flight-Line-/Boarding-Ablauf,Anwesenheitsabgleich per QR-Scan oder Antippen in der Fluggruppenkarte.,,BP-04,Fluggruppenkarte attendance-panel + SET_TICKET_ATTENDANCE,umgesetzt
F-BRD-120,V1,MUSS,8.4 Ereignisse und Flight-Line-/Boarding-Ablauf,"Die geschätzte Passagierzuladung wird auf Basis konfigurierbarer Referenzgewichte neutral angezeigt. Sie trägt dauerhaft den Hinweis, dass die Entscheidung ausschließlich beim P…",,BP-04,Contract und E2E Vertical Slice mit konfigurierten Referenzgewichten/Individualgewicht; Flight-Line-Anzeige mit dauerhaftem Pilotenentscheidungs- und Freigabeausschluss,umgesetzt
F-BRD-130,V2,SOLL,8.4 Ereignisse und Flight-Line-/Boarding-Ablauf,Sitzplatzzuordnung je Passagier innerhalb des Umlaufs.,,BP-04,Unit Zustandsautomat + Integration Verkauf/Umlauf + E2E erstes Vertical Slice,geplant
F-BRD-140,V3,KANN,8.4 Ereignisse und Flight-Line-/Boarding-Ablauf,"Vollständige Schwerpunktberechnung als getrenntes Pilotenwerkzeug mit echten Gewichten, Hebelarmen und Sitzpositionen; ohne Freigabewirkung für den organisatorischen Leitstand.",,BP-04,Unit Zustandsautomat + Integration Verkauf/Umlauf + E2E erstes Vertical Slice,geplant
F-BRD-150,V2,SOLL,8.4 Ereignisse und Flight-Line-/Boarding-Ablauf,Mehrere Flight Lines beziehungsweise Gates werden im Datenmodell ab V1 berücksichtigt; parallele Bedienung mehrerer Gates wird in V2 bereitgestellt.,,BP-04,Unit Zustandsautomat + Integration Verkauf/Umlauf + E2E erstes Vertical Slice,geplant
F-BRD-160,V1,MUSS,8.4 Ereignisse und Flight-Line-/Boarding-Ablauf,GELANDET beendet nicht automatisch die Flugzeugbelegung. Erst ABGESCHLOSSEN/VERFÜGBAR kennzeichnet Ausstieg und Bodenprozess als beendet und gibt das Flugzeug für den nächsten U…,,BP-05,Unit Queue/Gruppenschutz + Integration Sonderfälle + E2E No-Show/Umbuchung,umgesetzt
F-FLT-010,V1,MUSS,"8.5 Flotte, Piloten, Pausen und Tanken",Verwaltung der Flugzeugstammdaten einschließlich Ressourcengruppen-Zuordnung und Pflege im laufenden Betrieb.,,BP-03,Unit Invarianten + Integration Stammdaten/Constraints,umgesetzt
F-FLT-020,V1,MUSS,"8.5 Flotte, Piloten, Pausen und Tanken",Event-Status je Flugzeug: aktiv oder inaktiv für die Veranstaltung.,,BP-03,Unit Zustandsautomat + Integration Flottenkommando/Kapazität/Audit,umgesetzt
F-FLT-030,V1,MUSS,"8.5 Flotte, Piloten, Pausen und Tanken","Live-Status je Flugzeug mindestens: verfügbar, Boarding, im Flug, gelandet/deboarding, Tanken vorgemerkt, Tanken aktuell, Pause, Flugbetrieb unterbrochen und kurzfristig inaktiv…",,BP-08,Unit Zustandsautomat/Rollen + Integration Flottenzustände/Blocks/Kapazität/Audit + Browser Admin und Desktop-Supervisor,umgesetzt
F-FLT-040,V1,MUSS,"8.5 Flotte, Piloten, Pausen und Tanken","Piloten werden ausschließlich über anonyme operative Codes ab P-01 geführt; Namen und Lizenzdaten sind ausgeschlossen.",,BP-03,ADR-0006 + Contract/Integration Anlegen-Deaktivieren/PIN + Browser Admin,umgesetzt
F-FLT-050,V1,MUSS,"8.5 Flotte, Piloten, Pausen und Tanken",Tanken vorgemerkt reserviert eine passende operative Lücke ohne feste Zusage; Tanken aktuell nimmt das Flugzeug aus der Disposition. Beide Zustände wirken sofort auf Prognose un…,,BP-08,Unit Kapazitätsreservierung + Integration Vormerkung/Aktuell/Prognose/Audit + Browser Admin,umgesetzt
F-FLT-060,V1,SOLL,"8.5 Flotte, Piloten, Pausen und Tanken",Je Flugzeug führt das System einen Umlaufzähler seit dem letzten Tanken mit konfigurierbarer Erinnerungsschwelle.,,BP-08,Unit Rollen/Verträge + Integration Umlaufzähler/Tankreset/Schwelle/Audit + Browser Admin,umgesetzt
F-FLT-070,V2,SOLL,"8.5 Flotte, Piloten, Pausen und Tanken","Geschätzte Kraftstoffbilanz je Flugzeug als organisatorische Erinnerungshilfe mit Startfüllstand, pauschalem Verbrauch, Warnschwelle und Korrektur beim Tanken; ohne Sicherheitsf…",,BP-08,Unit Blockierungen/Not-Halt + Integration Rollen/Audit + E2E laufender Flug,geplant
F-FLT-080,V1,MUSS,"8.5 Flotte, Piloten, Pausen und Tanken",Die aktuelle Ressourcengruppe und ihre Queue sind am Flugzeug sichtbar. Status- oder Gruppierungsänderungen lösen eine automatische Neuplanung aller abhängigen Prognosen aus.,,BP-08,E2E Flugzeug/Queue sichtbar + Pause sperrt Aufruf und setzt Prognose automatisch unsicher,umgesetzt
F-FLT-090,V1,SOLL,"8.5 Flotte, Piloten, Pausen und Tanken","Flugzeug- und Pilotencode-Pausen besitzen eine optionale Schätzdauer; tatsächliche Verfügbarkeit bleibt menschlich bestätigt.",,BP-08,ADR-0009 + Contract/Rollen + Integration offene/geschätzte Pause/Prognose/Audit + Browser Desktop-Supervisor; mobile Assist und Pilotencode-Pause ausstehend,in Arbeit
F-PRG-010,V1,MUSS,"8.6 Prognose, Disposition und Kapazität","Für alle relevanten Prozesspunkte unterscheidet das System Planzeit, Prognosezeit und Ist-Zeit. Diese Werte werden getrennt gespeichert und angezeigt.",,BP-06,Unit Prognose/Disposition + Performance 1.000 Tickets/300 Umläufe + E2E Verzögerungskaskade,umgesetzt
F-PRG-020,V1,MUSS,"8.6 Prognose, Disposition und Kapazität","Nach jedem relevanten Ereignis werden erwartetes Boarding, Start, Landung, Abschluss, verbleibende Wartezeit und alle abhängigen Folgeflüge automatisch neu berechnet.",,BP-06,Unit Prognose/Disposition + Performance 1.000 Tickets/300 Umläufe + E2E Verzögerungskaskade,umgesetzt
F-PRG-030,V1,MUSS,"8.6 Prognose, Disposition und Kapazität","Die Prognose berücksichtigt mindestens Produktdauer, Flugzeugprofil, Boarding-, Flug-, Deboarding- und Pufferzeiten, aktuelle Flugzeugzustände, Pausen, Tanken, Unterbrechungen u…",,BP-06,Unit Prognose/Disposition + Performance 1.000 Tickets/300 Umläufe + E2E Verzögerungskaskade,umgesetzt
F-PRG-040,V1,MUSS,"8.6 Prognose, Disposition und Kapazität",Tatsächlich gemessene Ereignisdauern müssen stärker in die Prognose eingehen als statische Planwerte. Planwerte dienen als Start- und Rückfallwerte.,,BP-06,Unit Prognose/Disposition + Performance 1.000 Tickets/300 Umläufe + E2E Verzögerungskaskade,umgesetzt
F-PRG-050,V1,MUSS,"8.6 Prognose, Disposition und Kapazität","Bei wenigen oder fehlenden Tagesmesswerten verwendet das System einen nachvollziehbaren Kaltstart aus Stammdaten und historischen Parametern, ohne die Prognose als hochsicher da…",,BP-06,Unit Prognose/Disposition + Performance 1.000 Tickets/300 Umläufe + E2E Verzögerungskaskade,umgesetzt
F-PRG-060,V1,SOLL,"8.6 Prognose, Disposition und Kapazität","Ausreißer, abgebrochene Flüge, aktive Unterbrechungen und fehlerhaft korrigierte Ereignisse dürfen Durchschnittswerte nicht unkontrolliert verzerren. Die Behandlung muss im Pfli…",,BP-06,Unit robuste Median-/MAD-Ausreißerselektion; Architekturtest nur COMPLETED-Umläufe und UNCERTAIN bei Event-/Gruppenunterbrechung oder Notfall; Korrektur-/Abbruchintegrationen; docs/architecture/forecast-sample-policy-v1.md,umgesetzt
F-PRG-070,V1,MUSS,"8.6 Prognose, Disposition und Kapazität","Interne Rollen sehen konkrete Prognosezeitpunkte für Boarding, Start, Landung und Abschluss sowie die zugrunde liegende Unsicherheit.",,BP-06,Unit Prognose/Disposition + Performance 1.000 Tickets/300 Umläufe + E2E Verzögerungskaskade,umgesetzt
F-PRG-080,V1,MUSS,"8.6 Prognose, Disposition und Kapazität",Gegenüber Gästen werden Countdown oder Zeitfenster kommuniziert. Eine einzelne exakte Uhrzeit darf nicht als feste Zusage erscheinen; ein ungefähres Uhrzeitfenster ist zulässig.,,BP-06,Strikte öffentliche Verträge ohne exakte Prognosezeit + Integration Ticketstatus/FIDS/konsistente Minutenfenster,umgesetzt
F-PRG-090,V1,SOLL,"8.6 Prognose, Disposition und Kapazität","Jede Prognose besitzt eine Qualitäts- oder Unsicherheitsangabe, z. B. hoch/mittel/gering oder ein Zeitintervall. Weit entfernte Fluggruppen erhalten breitere Intervalle.",,BP-06,Unit Prognosequalität STABLE/CHANGING/UNCERTAIN ohne Countdown bei Unsicherheit und streng breitere Intervalle mit wachsender Queue-Entfernung; Contract-/Operations-DTO führt Qualitätsangabe und Zeitfenster,umgesetzt
F-PRG-100,V1,MUSS,"8.6 Prognose, Disposition und Kapazität",Das System erkennt Verspätungen und ungeplante Verlängerungen anhand ausbleibender Ereignisse und gemessener Abweichungen und aktualisiert den Folgeplan ohne manuelle Zeitkorrek…,,BP-06,Unit Prognose/Disposition: gemessene Ist-Dauern werden gewichtet; überfälliger Start Landung oder Abschluss wird auf Jetzt fortgeschrieben und verschiebt alle Folgemeilensteine; Worker-Anbindung und Mehrgeräte-Forecast-Konvergenz,umgesetzt
F-PRG-110,V1,MUSS,"8.6 Prognose, Disposition und Kapazität",Bei mehreren Flugzeugen einer Ressourcengruppe darf das System noch nicht festgelegte Fluggruppen auf ein früher verfügbares kompatibles Flugzeug umplanen. Ab NEXT sind Änderung…,,BP-06,Integration Pilotenkonflikt wählt für ungebundene Gruppe das zeitlich früher verfügbare kompatible laufende Flugzeug; Integration Flottenausfall verändert nach NEXT nichts automatisch und bindet Ersatz erst mit zweitem expliziten NEXT,umgesetzt
F-PRG-120,V1,SOLL,"8.6 Prognose, Disposition und Kapazität","Prognose-Snapshots werden zu definierten Zeitpunkten gespeichert, damit Prognosegüte und Entwicklung nach dem Event ausgewertet werden können.",,BP-06,Architekturtest: Snapshot nach jedem erfolgreich persistierten Kommando mit Eventversion Qualität Intervall und vier Prognosezeitpunkten; D1-Update/Delete-Sperren; portable Sicherung; docs/architecture/forecast-snapshots-v1.md,umgesetzt
F-PRG-130,V1,MUSS,"8.6 Prognose, Disposition und Kapazität","Operative Eingriffe erfolgen grundsätzlich über reale Zustände und Ereignisse wie Pause, Tanken, Blockierung oder Wetterunterbrechung. Das direkte Überschreiben einzelner Folgez…",,BP-06,Strikte Contract-Negativtests verbieten Prognosefelder und unbekannte Override-Commands; Integrationen Flottenbetrieb/Notfallmodus belegen auditierte Pause Tanken Blockierung und Unterbrechung mit automatischer Neuberechnung,umgesetzt
F-KAP-010,V1,MUSS,"8.6 Prognose, Disposition und Kapazität","Das System berechnet laufend die realistisch verbleibende Kapazität je Produkt und Ressourcengruppe aus aktiven Flugzeugen, Prognosedauern, verbleibender Betriebszeit, offenen T…",,BP-06,Unit capacity + Integration Operations-API/Verkaufswächter,umgesetzt
F-KAP-020,V1,MUSS,"8.6 Prognose, Disposition und Kapazität",Kapazitätsampel je Produkt und Ressourcengruppe mit konfigurierbaren Schwellwerten; sichtbar an Kasse und Administration. Farben werden stets durch Text oder Symbol ergänzt.,,BP-06,Unit capacity + Contract OperationBoard + UI Kasse/Admin,umgesetzt
F-KAP-030,V1,MUSS,"8.6 Prognose, Disposition und Kapazität",Harter Verkaufsschluss zu einer konfigurierbaren Uhrzeit mit rechtzeitiger Vorwarnung. Er wirkt zusätzlich zur dynamischen Kapazitätsentscheidung.,,BP-06,Unit sale guard + Integration CONFIGURE_PRODUCT_SALES + UI Warnung,umgesetzt
F-KAP-040,V1,MUSS,"8.6 Prognose, Disposition und Kapazität",Produkte und Ressourcengruppen können live auf verkaufbar beziehungsweise nicht verkaufbar gesetzt werden; jede Änderung wird protokolliert.,,BP-06,Unit Rollen + Integration Produkt-/Ressourcengruppenkommando/Audit/Idempotenz,umgesetzt
F-KAP-050,V1,SOLL,"8.6 Prognose, Disposition und Kapazität","Die Kasse erhält eine konkrete, vorsichtige Verkaufsempfehlung je Produkt, einschließlich Restplätzen und Prognosefenster.",,BP-06,Unit capacity/forecast + Contract OperationBoard + UI Kasse,umgesetzt
F-KAP-060,V1,SOLL,"8.6 Prognose, Disposition und Kapazität",Bei geringer Prognosequalität muss die Verkaufsempfehlung konservativer ausfallen oder eine manuelle Freigabe verlangen.,,BP-06,Unit Qualitätsfaktor/Schwellen + Integration Verkaufswächter,umgesetzt
F-WET-010,V1,MUSS,"8.7 Wetter, Betriebsunterbrechung und Notfallmodus","Globale oder ressourcengruppenspezifische Wetter- und Betriebshinweise können gesetzt werden und erscheinen auf Bediengeräten, Monitoren und Status-Seiten. Ein Hinweis löst nich…",,BP-08,Contract/Rollen + Integration globaler/Gruppenhinweis/Audit/Public DTO + Browser Kasse/Flight Line/FIDS/Ticket/Admin,umgesetzt
F-WET-020,V1,MUSS,"8.7 Wetter, Betriebsunterbrechung und Notfallmodus","Flugbetrieb unterbrochen ist je Flugzeug, Ressourcengruppe oder gesamter Veranstaltung setzbar. Nicht betroffene Ressourcen laufen unverändert weiter.",,BP-08,Unit Rollen/Sale Guard + Integration Flugzeug/Gruppe/Event-Kapazität/NEXT/Audit + Browser Kasse,umgesetzt
F-WET-030,V1,MUSS,"8.7 Wetter, Betriebsunterbrechung und Notfallmodus","Hinweise, Unterbrechungen und deren Aufhebung werden mit Zeitstempel und auslösendem Gerät protokolliert.",,BP-08,Integration Event-/Gruppen-/Flugzeughinweis und Blockierung mit Gerät/Zeit/Audit,umgesetzt
F-WET-040,V1,SOLL,"8.7 Wetter, Betriebsunterbrechung und Notfallmodus",Für organisatorische Zwecke darf eine unverbindliche erwartete Mindestdauer oder ein Prüfzeitpunkt der Unterbrechung erfasst werden. Dies ist keine direkte manuelle Korrektur ei…,,BP-08,Contract expectedReviewAt + Integration Ressourcengruppe/Flugzeug-Block/Audit ohne Folgezeitüberschreibung,umgesetzt
F-NOT-010,V1,MUSS,"8.7 Wetter, Betriebsunterbrechung und Notfallmodus","Administrator, Leiter Flight Line und Flugleitung können den Notfallmodus in maximal zwei Interaktionen auslösen.",,BP-08,Domain-Rollentest + E2E Leiterkommando + Browser Flight Line zwei Interaktionen,umgesetzt
F-NOT-020,V1,MUSS,"8.7 Wetter, Betriebsunterbrechung und Notfallmodus","Der Notfallmodus sperrt sofort Verkauf und neue Aufrufe, schaltet öffentliche Anzeigen auf neutralen Inhalt und kennzeichnet alle Bediengeräte deutlich.",,BP-08,E2E Verkauf/Aufruf/Public DTO + Browser globaler Notfallhinweis,umgesetzt
F-NOT-030,V1,MUSS,"8.7 Wetter, Betriebsunterbrechung und Notfallmodus",Laufende Flüge bleiben unverändert und können weiter mit GELANDET und ABGESCHLOSSEN dokumentiert werden.,,BP-08,E2E laufender Flug über GELANDET bis ABGESCHLOSSEN im Notfallmodus,umgesetzt
F-NOT-040,V1,MUSS,"8.7 Wetter, Betriebsunterbrechung und Notfallmodus",Das Aufheben des Notfallmodus erfordert die Administrator-PIN. Auslösung und Aufhebung werden protokolliert.,,BP-08,E2E falsche Rolle/PIN + Admin-Aufhebung + append-only Ledger,umgesetzt
F-MON-010,V1,MUSS,"8.8 Besucher-, FIDS- und Boardinganzeigen","Standard- und Terminal-FIDS zeigen denselben Stand; DEPARTED-Zeilen verschwinden nach konfigurierbarer Nachlaufzeit.",,BP-07,ADR-0009 + E2E Profile/Boarding/Zeitfenster/Nachlauf + Browser 16:9,in Arbeit
F-MON-020,V1,MUSS,"8.8 Besucher-, FIDS- und Boardinganzeigen","Der Boardingmonitor zeigt mehrere kommende Fluggruppen, Ticketnummern, Gate und nach Zuordnung das Flugzeug sowie eine Flottenstatuszeile.",,BP-07,E2E öffentliche Ticketlabels/Flugzeug/Flottenstatus + Browser Kiosk,umgesetzt
F-MON-030,V1,MUSS,"8.8 Besucher-, FIDS- und Boardinganzeigen","Monitore laufen im Vollbild-Kioskmodus, aktualisieren sich in Echtzeit, verbinden sich automatisch neu und benötigen während des Veranstaltungstags keinen manuellen Eingriff.",,BP-07,E2E WebSocket unter 2 s/Reconnect/Poll-Fallback + Kiosk-Runbook/Browser,umgesetzt
F-MON-040,V1,MUSS,"8.8 Besucher-, FIDS- und Boardinganzeigen","Personenbezogene Daten auf Monitoren sind ausgeschlossen. Angezeigt werden nur Ticket-/Fluggruppenkennungen, Produkte, Gates, Status und Betriebsinformationen.",,BP-07,E2E keine privaten Ticketcodes/Pilotendaten + Public-DTO-Contract,umgesetzt
F-MON-050,V1,MUSS,"8.8 Besucher-, FIDS- und Boardinganzeigen",Im Notfallmodus zeigen alle öffentlichen Monitore unverzüglich einen neutralen Hinweis ohne Aufrufe.,,BP-07,E2E FIDS ohne Gruppen + Ticketstatus SERVICE_PAUSED ohne Aufruf/Wartezeit,umgesetzt
F-MON-060,V1,MUSS,"8.8 Besucher-, FIDS- und Boardinganzeigen","Deutsches Standardprofil und vollständig englisches Terminalprofil mit WAITING, GO TO GATE, BOARDING, DELAYED und DEPARTED.",,BP-07,ADR-0009 + Copy-Diff + E2E beide FIDS-Profile + Browser 16:9,in Arbeit
F-MON-070,V1,MUSS,"8.8 Besucher-, FIDS- und Boardinganzeigen","Statusfarben sind systemweit einheitlich, werden aber stets zusätzlich durch Text oder Symbol erläutert.",,BP-07,FIDS Status-Chips mit ausgeschriebenem Text + Browser Desktop/schmal,umgesetzt
F-MON-080,V2,SOLL,"8.8 Besucher-, FIDS- und Boardinganzeigen","Die Anzeige kann je Gate, Flight Line oder Ressourcengruppe gefiltert werden; der parallele Mehr-Gate-Betrieb der Bedienoberfläche folgt in V2.",,BP-07,Integration öffentliche DTOs/Consent + E2E Ticketstatus/FIDS/Push + Security Enumeration,geplant
F-BEN-010,V1,MUSS,8.9 Gastinformation und Benachrichtigung,"Jedes Ticket verlinkt per QR-Code auf eine öffentliche Status-Seite ohne Anmeldung. Sie zeigt Produkt, Fluggruppe, öffentlichen Status, verbleibende Wartezeit beziehungsweise Ze…",,BP-07,E2E QR-Ticketstatus ohne Login/Prognosefenster + Browser Desktop/mobil/live,umgesetzt
F-BEN-020,V1,MUSS,8.9 Gastinformation und Benachrichtigung,"Gäste können Web-Push-Benachrichtigungen je Ticket aktivieren, ohne App-Installation und ohne Telefonnummer.",,BP-07,E2E freiwillige Browser-Push-Registrierung ohne Telefon/Gastkonto,umgesetzt
F-BEN-030,V1,MUSS,8.9 Gastinformation und Benachrichtigung,"Automatisches GO TO GATE aus Queue, Prognosequalität und Gate-Wartezeit; NEXT bleibt menschlich bestätigte Flugzeugbindung.",,BP-07,ADR-0009 + Unit Vorlauf/Gate-Wartezeit/Unsicherheit + E2E Voraufruf/NEXT-Trennung,in Arbeit
F-BEN-040,V1,MUSS,8.9 Gastinformation und Benachrichtigung,Benachrichtigungen können alternativ an der Kasse für die Ticketnummer aktiviert werden.,,BP-07,Kassen-QR öffnet ticketbezogene Aktivierung im Gastbrowser + Betriebsnachweis,umgesetzt
F-BEN-050,V2,SOLL,8.9 Gastinformation und Benachrichtigung,"SMS als zusätzlicher Kanal über einen externen Versanddienst mit Warteschlange, Wiederholung und sichtbarem Versandstatus.",,BP-07,Integration öffentliche DTOs/Consent + E2E Ticketstatus/FIDS/Push + Security Enumeration,geplant
F-BEN-060,V2,MUSS,8.9 Gastinformation und Benachrichtigung,"Telefon-/Messenger-Einwilligung erst bei späterer Kanalerweiterung; V1 bleibt telefonnummernfrei.",,BP-07,ADR-0006 keine Telefon-/Messenger-Erfassung + E2E explizite Web-Push-Einwilligung,umgesetzt
F-BEN-070,V2,SOLL,8.9 Gastinformation und Benachrichtigung,"Bei relevanten Änderungen wie erheblicher Verschiebung, Unterbrechung, Gate-Wechsel oder Notfallmodus werden betroffene registrierte Gäste informiert.",,BP-07,Integration öffentliche DTOs/Consent + E2E Ticketstatus/FIDS/Push + Security Enumeration,geplant
F-BEN-080,V3,KANN,8.9 Gastinformation und Benachrichtigung,WhatsApp oder vergleichbarer Messenger über eine offizielle Business-Schnittstelle mit dokumentierter Einwilligung.,,BP-07,Integration öffentliche DTOs/Consent + E2E Ticketstatus/FIDS/Push + Security Enumeration,geplant
F-BEN-090,V1,MUSS,8.9 Gastinformation und Benachrichtigung,"Handlungsorientierte öffentliche Zustände mit Bitte zum Gate sowie englischer Terminalabbildung.",,BP-07,Public-DTO-Enum + E2E GO TO GATE/Boarding/Departed/Delayed + Browser,in Arbeit
F-BEN-100,V1,MUSS,8.9 Gastinformation und Benachrichtigung,Bei unsicherer oder unterbrochener Prognose zeigt die Status-Seite einen ehrlichen Hinweis statt eines scheinbar präzisen Countdowns.,,BP-07,Unit keine Vorbereitung bei Unsicherheit + E2E Unterbrechung/Notfall ohne Countdown,umgesetzt
F-HIS-010,V1,MUSS,"8.10 Historie, Protokoll und Auswertung","Flüge, Fluggruppen und Tickets werden dauerhaft gespeichert und sind nach Datum, Flugzeug, Pilot, Produkt, Ressourcengruppe, Slotnummer, Ticket und Status filterbar.",,BP-10,Vertragstest Filter/Pagination + SQL-Bindungstest + Integration Ticketkorrektur mit gelösten Zuordnungen/Berechtigung/Zeitraum,umgesetzt
F-HIS-020,V1,MUSS,"8.10 Historie, Protokoll und Auswertung","Unveränderliches, nur anfügendes Ereignisprotokoll mindestens für Verkauf, Storno, Umbuchung, Aufruf, Check-in, IM FLUG, GELANDET, ABGESCHLOSSEN, Zurückstellung, No-Show, Pilot-…",,BP-10,Architekturtest erzwingt alle Mindest-Ereignistypen und D1-Update/Delete-Sperrtrigger sowie verbotene Ledger-Mutationen; Integrationen Vertical Slice Ticketkorrektur Zurückstellung Flotte Stammdaten Notfall und Historien-API belegen Erzeugung/Abruf,umgesetzt
F-HIS-030,V1,SOLL,"8.10 Historie, Protokoll und Auswertung","Tagesbericht mit Flügen, Passagierzahlen, Prozess- und Wartezeiten sowie Ticket-Zählbericht je Produkt ohne Zahlungsdaten.",,BP-10,Format-Unit-Test + E2E Tagesabschluss ohne Zahlungsfelder in CSV und PDF,in Arbeit
F-HIS-040,V1,MUSS,"8.10 Historie, Protokoll und Auswertung",CSV-Export der fachlichen Rohdaten für Vereinsabrechnung und eigene Auswertungen.,,BP-10,GET exports/tickets.csv + Browser Admin + docs/operations/reports.md,umgesetzt
F-HIS-050,V2,SOLL,"8.10 Historie, Protokoll und Auswertung","Statistik-Dashboard über mehrere Veranstaltungen mit Durchsatz, Auslastung, Wartezeit und Prognosegüte.",,BP-10,Integration Historie/Export/Löschung + E2E Tagesabschluss,geplant
F-HIS-060,V1,SOLL,"8.10 Historie, Protokoll und Auswertung","Prognose-Snapshots und zugehörige Ist-Ergebnisse sind auswertbar, insbesondere Abweichung von Boarding-, Start- und Abschlussprognose.",,BP-10,Vertrag + gebundene/paginierte Historienabfrage + E2E Prognose-Ist-Abweichung für Boarding/Start/Landung/Abschluss,umgesetzt
F-HIS-070,V1,MUSS,"8.10 Historie, Protokoll und Auswertung","Kennzahlen wie Boardingdauer, Flugzeit, Bodenzeit, Umlaufzeit und Wartezeit besitzen im System eindeutige, dokumentierte Start- und Endereignisse.",,BP-10,docs/operations/metrics.md + Integration Ist-Ereignisse/Dashboard/Tageslauf,umgesetzt
F-ADM-010,V1,MUSS,8.11 Administration und Geräteverwaltung,"Pflege der Veranstaltungsparameter einschließlich Verkaufszeiten, Betriebsende, Fristen, Ampelschwellen, Referenzgewichte, Benachrichtigungsvorlauf sowie Planwerte und Prognosep…",,BP-10,CONFIGURE_EVENT_PARAMETERS + CONFIGURE_PRODUCT_SALES + Migration 0014 + Browser Admin,umgesetzt
F-ADM-020,V1,MUSS,8.11 Administration und Geräteverwaltung,"Stammdaten für Produkte, Ressourcengruppen, Flugzeuge, Pilotencodes und Gates; Zuordnung direkt an der Ressourcengruppe.",,BP-10,ADR-0008 + Integration Stammdaten/Audit + Browser kompakte Listen-/Editoransicht,in Arbeit
F-ADM-030,V1,MUSS,8.11 Administration und Geräteverwaltung,Gerätekopplung ohne persönliche Helferkonten: Der Administrator koppelt ein Gerät per QR-Code mit einer festen Rolle für die Veranstaltung. Kopplungen sind einzeln widerrufbar.,,BP-02,Unit Rollen/Verträge + Integration QR-Kopplung/Widerruf/PIN/Idempotenz + Browser Pairing,umgesetzt
F-ADM-040,V1,SOLL,8.11 Administration und Geräteverwaltung,"Geräteübersicht mit Rolle, Online-Status, letztem Kontakt und, soweit verfügbar, Akkustand.",,BP-02,Integration geschützte Geräteübersicht/Last-Seen + Browser Admin,umgesetzt
F-ADM-050,V1,MUSS,8.11 Administration und Geräteverwaltung,"Kritische Aktionen wie Storno, Aufheben des Notfallmodus, Löschen von Stammdaten und wesentliche Live-Konfigurationsänderungen erfordern eine Administrator-PIN.",,BP-02,Contract PIN-Pflicht + Integration falsche/richtige PIN und unveränderte Version + UI Kasse/Admin,umgesetzt
F-ADM-060,V1,SOLL,8.11 Administration und Geräteverwaltung,"Kompakte Administrationsübersicht ohne Umsatzdaten; operative Flottensteuerung liegt beim Supervisor.",,BP-10,ADR-0009 + Contract OperationBoard.metrics + Browser Admin/Supervisor,in Arbeit
F-ADM-070,V2,KANN,8.11 Administration und Geräteverwaltung,Trainingsmodus mit Beispieldaten und vollständiger Rücksetzung; Trainingsdaten dürfen nicht in Auswertungen einfließen.,,BP-10,Integration Historie/Export/Löschung + E2E Tagesabschluss,geplant
F-ADM-080,V1,MUSS,8.11 Administration und Geräteverwaltung,Verwaltung mehrerer Veranstaltungen mit eventübergreifender Stammdatenbibliothek und Kopie einer Vorveranstaltung als Vorlage.,,BP-10,Integration Historie/Export/Löschung + E2E Tagesabschluss,umgesetzt
F-ADM-090,V1,SOLL,8.11 Administration und Geräteverwaltung,"Dashboard Flugleitung als primär lesende Gesamtsicht mit offenen Tickets, Ressourcenstatus, laufenden Flügen, Kapazität, Prognosen und Not-Halt.",,BP-10,Rollen-DTO + Read-only-Banner/Serverautorisierung + Browser Flugleitung/Admin,umgesetzt
F-ADM-100,V1,MUSS,8.11 Administration und Geräteverwaltung,Die Administration verhindert technisch ungültige Ressourcengruppen-Zuordnungen und zeigt Konflikte vor dem Speichern verständlich an.,,BP-03,Unit Invarianten + Integration Stammdaten/Constraints,umgesetzt
F-INT-010,V1,MUSS,8.12 Schnittstellen und spätere Erweiterungen,"Die Architektur stellt eine dokumentierte interne Schnittstelle für Ereignisse und Statusabfragen bereit, damit spätere Datenquellen ohne Neuentwicklung des Kerns angebunden wer…",,BP-02,Dokumentierter typisierter Kommando-/Status-/Realtime-Vertrag + Adaptergrenze,umgesetzt
F-INT-020,V3,KANN,8.12 Schnittstellen und spätere Erweiterungen,"ADS-B- oder Flugbewegungsmonitoring zur Plausibilisierung von Start, Landung und ETA.",,BP-02,Unit Domänenverträge + Integration Autorisierung/Idempotenz/Concurrency + Reconnect,geplant
F-INT-030,V3,KANN,8.12 Schnittstellen und spätere Erweiterungen,Automatische Erkennung von Start und Landung als Vorschlag oder konfigurierbare automatische Ereignisquelle.,,BP-02,Unit Domänenverträge + Integration Autorisierung/Idempotenz/Concurrency + Reconnect,geplant
F-INT-040,V3,KANN,8.12 Schnittstellen und spätere Erweiterungen,"Digitale Passagierlisten werden, falls erforderlich, als separates Modul mit eigener Berechtigung, Rechtsgrundlage und Löschfrist umgesetzt; keine stillschweigende Erweiterung d…",,BP-02,Unit Domänenverträge + Integration Autorisierung/Idempotenz/Concurrency + Reconnect,geplant
F-INT-050,V3,KANN,8.12 Schnittstellen und spätere Erweiterungen,Online-Vorverkauf mit Kontingentsteuerung bleibt optional und darf den Vor-Ort-Regelbetrieb nicht voraussetzen.,,BP-02,Unit Domänenverträge + Integration Autorisierung/Idempotenz/Concurrency + Reconnect,geplant
F-INT-060,V4,KANN,8.12 Schnittstellen und spätere Erweiterungen,Mehrere Flugplätze und Mandantenfähigkeit für mehrere Veranstalter.,,BP-02,Unit Domänenverträge + Integration Autorisierung/Idempotenz/Concurrency + Reconnect,geplant
F-INT-070,V1,MUSS,8.12 Schnittstellen und spätere Erweiterungen,"Parallele Geräte mit versionierten Kommandos und anonymen auslaufenden Assist-Betreuungsreservierungen.",,BP-02,"ADR-0009 + Migration 0033 + Worker-/UI-Tests für konkurrierende Assist-Reservierung und stale writes",umgesetzt
D-010,V1,MUSS,9 Datenanforderungen,"Flugzeug mit Pilotencode, Live-Status, optionaler Pausendauer und aktiver Ressourcengruppe.",,BP-03,Migration Pause + Unit Invarianten + Integration Stammdaten/Constraints,in Arbeit
D-015,V1,MUSS,9 Datenanforderungen,"Ressourcengruppe mit aktiven Flugzeugzuordnungen und daraus abgeleiteter Kapazitätsspanne.",,BP-03,ADR-0008 + Unit abgeleitete Kapazität + Integration Stammdaten/Constraints,umgesetzt
D-016,V1,MUSS,9 Datenanforderungen,"Ressourcengruppen-Zuordnung: Flugzeug, Ressourcengruppe, gültig ab/bis, aktiv, Änderungsgrund und Protokollbezug.",,BP-03,Unit Invarianten + Integration Stammdaten/Constraints,umgesetzt
D-020,V1,MUSS,9 Datenanforderungen,"Produkt mit Preis, genau einer Ressourcengruppe und Verkaufsregeln; keine manuelle Referenzkapazität.",,BP-03,ADR-0008 + UPSERT_PRODUCT + D1 Konflikt-/Idempotenztest + Browser Admin/FIDS,umgesetzt
D-030,V1,MUSS,9 Datenanforderungen,"Anonymes Ticket ohne Namen, Telefonnummern oder Zahlungsdaten; Web-Push-Registrierung getrennt.",,BP-04,ADR-0006/0008 + Contract-/Backuptests ohne Telefon-/Zahlungsfelder + Integration Verkauf/Umlauf,umgesetzt
D-040,V1,MUSS,9 Datenanforderungen,"Buchungsgruppe: Gruppen-ID, Größe, zugehörige Tickets, Gruppenbindung, Standby-Regel und gegebenenfalls Aufteilung auf unmittelbar aufeinanderfolgende Fluggruppen.",,BP-05,"D1 ticket_groups/tickets/rotation_tickets + Domain Splitplan + Integration vollständige Suchprojektion/Folgeslots/gruppenweite Mutation + sichtbare Gruppenkennzeichnung/Aufteilungsbestätigung/Disposition + responsive Browserabnahme",umgesetzt
D-045,V1,MUSS,9 Datenanforderungen,"Fluggruppe/Slot: stabile Tageskennung, Produkt, Ressourcengruppe, Tickets, Queue-Position, öffentliche Statusinformation, prognostizierte Zeitfenster und gegebenenfalls zugeordn…",,BP-05,"Normalisiertes D1-Modell + Unit ticket-data-model + Contract OperationBoard/PublicTicketStatus/PublicBoard + test:vertical-slice + test:public-monitors; historisches Umlauf-Gate in allen Projektionen",umgesetzt
D-050,V1,MUSS,9 Datenanforderungen,"Umlauf mit Fluggruppe, Flugzeug, anonymem Pilotencode, Gate, Tickets und vollständiger Plan-/Prognose-/Ist-Zeitlinie.",,BP-04,"Contract OperationBoard + Unit Schema/Rolle/Audit + Integration vertical-slice + Backup-Restore",umgesetzt
D-055,V1,SOLL,9 Datenanforderungen,"Prognose-Snapshot: Erstellzeitpunkt, Bezug, prognostizierte Prozesszeiten, Zeitfenster, Qualitätsstufe, verwendete Datengrundlage und Auslöser der Neuberechnung.",,BP-06,Migration 0018/0029 + Append-only-Test + E2E Realtime-Recompute mit Auslöser/Datengrundlage/Ist-Abweichung,umgesetzt
D-060,V1,MUSS,9 Datenanforderungen,"Anonymer operativer Pilotencode mit Aktivität, Zuordnung und nicht personenbezogener Bemerkung.",,BP-03,ADR-0006 + E2E Aktivität/Zuordnung/Bemerkung ohne Namen oder Lizenzdaten,umgesetzt
D-065,V1,MUSS,9 Datenanforderungen,"Blockierung, Unterbrechung oder Pause mit optionalem Rückkehr-/Prüfzeitpunkt und bestätigter Aufhebung.",,BP-08,Migration Pause + D1 Operational Blocks + E2E Schätzdauer/Bestätigung/Audit,in Arbeit
D-070,V1,MUSS,9 Datenanforderungen,"Gate/Flight Line: Bezeichnung, Art, zugeordnete Ressourcengruppen und Anzeigefilter.",,BP-03,Migration 0031 + Contract + Worker/D1-Integration Gate-Zuordnungen/Produkt-/Statusfilter + öffentlicher Filter + typisierter Admin-Editor/Browserabnahme,umgesetzt
D-080,V1,MUSS,9 Datenanforderungen,"Gerät: Bezeichnung, Rolle, Kopplung, letzter Kontakt, aktiv und technische Statusinformationen.",,BP-02,E2E gekoppelte Geräterolle/letzter Kontakt + Admin-Geräteliste,umgesetzt
D-090,V1,MUSS,9 Datenanforderungen,"Ereignis: fortlaufende ID, Zeitstempel, Ereignistyp, Quelle, auslösendes Gerät, fachlicher Bezug, Nutzdaten und gegebenenfalls Korrekturbezug.",,BP-10,E2E Ereignisverlauf mit Gerät/Aggregat/Nutzdaten/Korrekturbezug,umgesetzt
D-100,V1,MUSS,9 Datenanforderungen,"Veranstaltung: Name, Datum, Flugplatz, Zeitzone, Parameter, Notfallstatus, Betriebsphasen und Archivkennzeichen.",,BP-03,Unit Invarianten + Integration Stammdaten/Constraints,umgesetzt
D-110,V1,MUSS,9 Datenanforderungen,"Benachrichtigungsregistrierung: Ticketbezug, Kanal, Zielkennung soweit erforderlich, Einwilligung, Status und Löschzeitpunkt.",,BP-07,D1 Push-Abonnement/Zustellqueue + E2E Einwilligung/Frist/Deduplizierung/Widerruf,umgesetzt
Q-UX-010,V1,MUSS,10.1 Bedienbarkeit und Oberfläche,"Alle Bedienoberflächen sind für Fingerbedienung auf Tablets ausgelegt: große Bedienelemente, hoher Kontrast für Sonnenlicht und maximal eine hervorgehobene Primäraktion je Arbei…",,BP-04,"Responsive Browserprüfung 430 × 900 und 1280 × 720, 44-px-Touchziele und Hauptaktionsprüfung dokumentiert; Sonnenlicht-/Originalhardwareprüfung ausstehend",in Arbeit
Q-UX-020,V1,MUSS,10.1 Bedienbarkeit und Oberfläche,"Ein-Bildschirm-Kasse, Desktop-Supervisor, mobile Assistenz und kompakte Administration mit bedarfsweise geöffneten Editoren.",,BP-04,"Kompakte Administration, Desktop-Supervisor sowie eigenständige Assist-Ansicht bei 1440 × 1024 und 430 × 932 im Browser geprüft; Originalhardwareabnahme ausstehend",in Arbeit
Q-UX-030,V1,MUSS,10.1 Bedienbarkeit und Oberfläche,Häufige Aktionen sind ohne Bestätigungsdialog ausführbar und mindestens zehn Sekunden rückgängig zu machen. Weitreichende destruktive Aktionen erfordern PIN oder explizite Bestä…,,BP-04,"NEXT ohne Dialog, sichtbares Undo und Wiederherstellung per Browser geprüft; PIN-Fokus geprüft; vollständige Rollenabnahme ausstehend",in Arbeit
Q-UX-040,V1,MUSS,10.1 Bedienbarkeit und Oberfläche,"Statusbegriffe, Farben und Symbole sind systemweit einheitlich.",,BP-04,Gemeinsame Statusdarstellung und Theme-Variablen sowie deutsche Laufzeitlabels per Browser und Regressionstest geprüft; vollständiger Light/Dark-Geräteabgleich ausstehend,in Arbeit
Q-UX-050,V1,MUSS,10.1 Bedienbarkeit und Oberfläche,"Doppelte Eingaben dürfen keine doppelten Buchungen, Ereignisse oder Statuswechsel erzeugen.",,BP-04,Unit Zustandsautomat + Integration Verkauf/Umlauf + E2E erstes Vertical Slice,umgesetzt
Q-UX-060,V1,MUSS,10.1 Bedienbarkeit und Oberfläche,Die deutsche Bedienoberfläche muss nach höchstens zehn Minuten Einweisung je Helferrolle sicher bedienbar sein.,,BP-04,Deutsche Rollenoberflächen + Feldabnahmeprotokoll mit definierten Aufgaben; Durchführung mit Helfern ausstehend,in Arbeit
Q-UX-070,V1,MUSS,10.1 Bedienbarkeit und Oberfläche,"Umschaltbares helles und dunkles Farbschema auf allen Bedienoberflächen.",,BP-04,Browser Hell/Dunkel auf Administration/Kasse/Supervisor/Assist/FIDS,in Arbeit
Q-UX-080,V1,MUSS,10.1 Bedienbarkeit und Oberfläche,"Öffentliche Ansichten formulieren handlungsorientiert und vermeiden interne Fachbegriffe, wenn diese für Gäste nicht erforderlich sind.",,BP-04,Public-DTO-Texte + Browser Ticketstatus/FIDS Desktop/mobil,umgesetzt
Q-ZUV-010,V1,MUSS,10.2 Zuverlässigkeit und Verbindungsverhalten,Status- und Prognoseänderungen sind im Normalbetrieb innerhalb von zwei Sekunden auf allen verbundenen Geräten sichtbar.,,BP-02,E2E zwei Geräte maximal 27 ms + Browser Kasse/FIDS 408 ms,umgesetzt
Q-ZUV-020,V1,MUSS,10.2 Zuverlässigkeit und Verbindungsverhalten,"Verbindungs-, Server- und D1-Fehler leeren die Oberfläche nicht; letzter bestätigter Stand bleibt mit Alter sichtbar und Schreibaktionen bleiben gesperrt.",,BP-09,Integration D1-Fehler/Offline-Replay/Konflikte + E2E Ausfall/Wiederverbindung,in Arbeit
Q-ZUV-030,V1,MUSS,10.2 Zuverlässigkeit und Verbindungsverhalten,Nach einer Störung stellen Geräte die Verbindung automatisch wieder her und gleichen den Zustand vollständig ab; ein manueller Neustart ist nicht erforderlich.,,BP-02,Unit Domänenverträge + Integration Autorisierung/Idempotenz/Concurrency + Reconnect,umgesetzt
Q-ZUV-040,V1,MUSS,10.2 Zuverlässigkeit und Verbindungsverhalten,Widersprüchliche parallele Bedienung wird serverseitig konfliktgeprüft aufgelöst. Kein Gerät darf einen neueren Zustand mit einem veralteten Stand überschreiben.,,BP-02,Unit Domänenverträge + Integration Autorisierung/Idempotenz/Concurrency + Reconnect,umgesetzt
Q-ZUV-050,V1,MUSS,10.2 Zuverlässigkeit und Verbindungsverhalten,Das System ist für mindestens zwölf Stunden durchgehenden Veranstaltungseinsatz ohne Neustart ausgelegt.,,BP-12,Isolierter Zustands-/Realtime-Langlauf implementiert; Reconnect-Diagnose und ungekürzter 12-h-Abnahmelauf laufen beziehungsweise ausstehend,in Arbeit
Q-ZUV-060,V1,MUSS,10.2 Zuverlässigkeit und Verbindungsverhalten,"Verfügbarkeit der zentralen Serverumgebung während des Veranstaltungszeitraums mindestens 99,5 Prozent; geplante Wartung an Veranstaltungstagen ist ausgeschlossen.",,BP-11,12-h Cloudflare-Abnahme: 720/720 Web-/Worker-/D1-Intervalle verfügbar; 100 Prozent ohne Wartungsausschluss,umgesetzt
Q-ZUV-070,V1,MUSS,10.2 Zuverlässigkeit und Verbindungsverhalten,Für Totalausfall der Verbindung besteht eine dokumentierte Papier-Rückfallebene einschließlich geregelter Wiedereinpflege nach Wiederanlauf.,,BP-09,Integration Offline-Replay/Konflikte + E2E 60-s-Verbindungsabbruch,umgesetzt
Q-PER-010,V1,MUSS,10.3 Performance und Mengengerüst,Lokale Reaktion der Bedienoberfläche auf Eingaben unter 300 ms; serverseitiger Abschluss eines Standardverkaufs im Normalbetrieb unter zwei Sekunden.,,BP-04,"Skalierungsintegration: Standardverkauf 89 ms serverseitig; Edge-CDP-Browsermessung mit je 100 sichtbaren Reaktionen Desktop/Mobil: p95 18,1/18,0 ms und Maximum 18,6 ms",umgesetzt
Q-PER-020,V1,MUSS,10.3 Performance und Mengengerüst,"Auslegung mindestens auf 20 gleichzeitig verbundene Geräte, 1.000 Tickets, 300 Flugumläufe je Veranstaltungstag und fünf Jahre Historie ohne spürbare Verschlechterung.",,BP-12,Reproduzierbarer Skalierungslauf mit 20 WebSockets/Parallelabrufen 1.000 Tickets 300 Umläufen 60 Monaten und 6.000 Historienereignissen,umgesetzt
Q-PER-030,V1,MUSS,10.3 Performance und Mengengerüst,Eine vollständige Neuberechnung der V1-Prognose für alle offenen Fluggruppen erfolgt im festgelegten Mengengerüst in höchstens zwei Sekunden.,,BP-06,Domänen-Performance-Test + Skalierungsintegration mit persistierter Neuberechnung für 300 offene Umläufe in 89 ms,umgesetzt
Q-SIC-010,V1,MUSS,"10.4 Sicherheit, Datenschutz und Zugriffsschutz",Sämtliche Kommunikation erfolgt verschlüsselt über HTTPS/TLS.,,BP-02,Unit HTTPS-Redirect/lokale Ausnahme + Live-Cloudflare 308/HTTPS/HSTS/CSP/Sicherheitsheader,umgesetzt
Q-SIC-020,V1,MUSS,"10.4 Sicherheit, Datenschutz und Zugriffsschutz",Schreibzugriff ist nur für gekoppelte Geräte mit rollenbezogener Berechtigung zulässig; jede Schreiboperation ist einem Gerät zuordenbar.,,BP-02,E2E ungültiges Token/falsche Rolle abgelehnt + Geräte-ID im Ledger,umgesetzt
Q-SIC-030,V1,MUSS,"10.4 Sicherheit, Datenschutz und Zugriffsschutz",Die öffentliche Status-Seite gibt ausschließlich Informationen zum jeweiligen nicht erratbaren Ticketcode preis. Aufzählbarkeit und automatisierte Fehlversuche werden begrenzt.,,BP-07,Integration öffentliche DTOs/Consent + E2E Ticketstatus/FIDS/Push + Security Enumeration,umgesetzt
Q-SIC-040,V1,MUSS,"10.4 Sicherheit, Datenschutz und Zugriffsschutz","Es werden keine Werbung, kein Tracking und keine externen Analysedienste eingebunden.",,BP-07,Abhängigkeits-/Quellcodeprüfung ohne Werbung Tracking oder Analytics,umgesetzt
Q-DSG-010,V1,MUSS,"10.4 Sicherheit, Datenschutz und Zugriffsschutz",Im Kernsystem werden keine Gastnamen oder sonstigen nicht erforderlichen Personendaten erfasst. Der Betrieb funktioniert vollständig ohne Telefonnummer.,,BP-07,ADR-0006 + strikte anonyme Contracts + Schema-/Backup-/UI-Prüfung,umgesetzt
Q-DSG-020,V1,MUSS,"10.4 Sicherheit, Datenschutz und Zugriffsschutz","Push-Registrierungen werden fristgerecht gelöscht oder irreversibel entkoppelt; V1 speichert keine Telefonnummern.",,BP-10,Unit Frist ab Veranstaltungsende + täglicher Löschjob + Ausschluss aus R2-Backup,umgesetzt
Q-DSG-030,V1,MUSS,"10.4 Sicherheit, Datenschutz und Zugriffsschutz",Einwilligungen werden mit Zeitpunkt und Kanal dokumentiert; Datenschutzhinweise sind auf der Status-Seite abrufbar.,,BP-07,E2E Einwilligungszeitpunkt/Web-Push-Kanal + Browser Datenschutzhinweis,umgesetzt
Q-DSG-040,V1,MUSS,"10.4 Sicherheit, Datenschutz und Zugriffsschutz",Personenbezogene Daten werden ausschließlich in Rechenzentren innerhalb der EU verarbeitet; erforderliche Auftragsverarbeitungsverträge und Angaben für das Verarbeitungsverzeich…,,BP-11,"D1/R2/DO-EU-Nachweis + technisches Verarbeitungsinventar; offizieller Cloudflare-Abgleich belegt offene Regional-Services/CMB-, DPA-, Subprozessor- und Web-Push-Entscheidung im Betreiberprotokoll",in Arbeit
Q-DSG-050,V3,MUSS,"10.4 Sicherheit, Datenschutz und Zugriffsschutz",Ein späteres Passagierlistenmodul ist technisch und berechtigungsseitig vom datensparsamen Ticketing zu trennen.,,BP-10,Integration Historie/Export/Löschung + E2E Tagesabschluss,geplant
Q-WAR-010,V1,MUSS,"10.5 Wartbarkeit, Erweiterbarkeit und Betriebskosten","Verwendung verbreiteter, quelloffener Standardtechnologien ohne exotische Abhängigkeiten; ein erfahrener Webentwickler kann sich ohne Herstellerbindung einarbeiten.",,BP-11,Abhängigkeits-Allowlist + Architekturtest Domain ohne UI/HTTP/Datenbank/Cloudflare + Wartbarkeitsdokumentation,umgesetzt
Q-WAR-020,V1,MUSS,"10.5 Wartbarkeit, Erweiterbarkeit und Betriebskosten","Betriebliche Parameter, Texte, Schwellenwerte, Referenzzeiten und Gewichtsklassen sind ohne Programmänderung konfigurierbar.",,BP-03,Vertrags-/UI-/Persistenz-Coverage + Stammdatenintegration + dokumentierte Konfigurationsmatrix,umgesetzt
Q-WAR-030,V1,SOLL,"10.5 Wartbarkeit, Erweiterbarkeit und Betriebskosten","Laufende Grundbetriebskosten für Hosting, Domain und Zertifikate sollen ohne Mobilfunk- und volumenabhängige Versandkosten höchstens 15 Euro je Monat betragen. Abweichungen sind…",,BP-11,"Offizielle Cloudflare-Preise geprüft 14.07.2026 + reales Acceptance-Mengengerüst + synthetischer Skalierungstest; Workers Paid 5 USD, D1/R2/DO innerhalb Grundkontingenten, TLS 0 EUR und Domainreserve 2 EUR; erwartete Summe unter 8 EUR",umgesetzt
Q-WAR-040,V1,MUSS,"10.5 Wartbarkeit, Erweiterbarkeit und Betriebskosten","Die Architektur ermöglicht V2 bis V4 ohne Neuentwicklung des Kerns; insbesondere sind Ressourcengruppen, mehrere Produkte je Gruppe, Gates, Mehrveranstaltungsbetrieb, Sitzplätze…",,BP-03,Architekturtest Ressourcengruppen/Mehrprodukt/Gates/Mehrveranstaltung/Sitzplätze/Adaptergrenze + Dokumentation,umgesetzt
Q-WAR-050,V1,MUSS,"10.5 Wartbarkeit, Erweiterbarkeit und Betriebskosten","Prognoseverfahren, Zustandsautomaten und fachliche Invarianten sind in einer für Betreiber und zukünftige Entwickler nachvollziehbaren technischen Dokumentation beschrieben.",,BP-01,docs/architecture/domain-state-and-forecast-v1.md + npm run docs:verify + npm run check,umgesetzt
T-010,V1,MUSS,11 Technische Rahmenbedingungen,Die Lösung ist eine responsive Progressive Web App; eine Installation aus einem App-Store ist nicht erforderlich.,,BP-12,"React/Vite-PWA + Standalone-Manifest + Service Worker/Navigation-Fallback + 192/512/maskable Icons + Apple-Touch-Metadaten + Produktionsbuild + responsive Browsernachweise",umgesetzt
T-020,V1,MUSS,11 Technische Rahmenbedingungen,"Unterstützt werden aktuelle Versionen von Chrome, Safari und Edge auf Android-Tablets, iPads und Windows-PCs.",,BP-12,"Automatisierter Abnahmetag mit 3 Flugzeugen, 2 Ressourcengruppen, 3 Produkten, 60 Tickets und 20 Umläufen erfolgreich; Browser-/Originalhardwarematrix und Generalprobe ausstehend",geplant
T-030,V1,MUSS,11 Technische Rahmenbedingungen,Zentraler Betrieb in einem EU-Rechenzentrum. Am Veranstaltungsort erfolgt die Anbindung über LTE/5G; ein Dual-SIM-Router unterschiedlicher Netzbetreiber wird empfohlen.,,BP-11,"Reale Wrangler-Accountprüfung 14.07.2026: D1 jurisdiction eu/EEUR ohne globale Lesereplikation; R2 über EU-Jurisdiktion in EEUR; R2-Binding und Durable Object fordern eu; LTE/5G-Dual-SIM als Betriebsanweisung dokumentiert",umgesetzt
T-035,V1,MUSS,11 Technische Rahmenbedingungen,"Bediengeräte besitzen lokale Zwischenspeicherung und Offline-Queue für kurze Ausfälle. Ein optionaler lokaler Edge-Betrieb darf später ergänzt werden, ohne das fachliche Modell…",,BP-09,Integration Offline-Replay/Konflikte + E2E 60-s-Verbindungsabbruch,umgesetzt
T-040,V1,MUSS,11 Technische Rahmenbedingungen,Monitore werden über handelsübliche Kiosk-Abspielgeräte betrieben und laden ihre Ansicht nach dem Einschalten automatisch im Vollbild.,,BP-07,Öffentliche kiosk=1-URL + Autostart-/Vollbild-Runbook + Browser Kiosk,umgesetzt
T-050,V1,MUSS,11 Technische Rahmenbedingungen,Automatische tägliche Datensicherung mit mindestens 14 Tagen Aufbewahrung sowie Sicherung vor Veranstaltungstagen; dokumentierter Wiederanlauf innerhalb von 30 Minuten.,,BP-11,Täglicher Cloudflare-Cron + automatische PRE_EVENT-Kennzeichnung nach Berliner Datum + R2-Prüfsumme/14-Tage-Retention; isolierter Vollschema-Restore mit Mengen/FK/Audit und 30-Minuten-Grenze in npm check; docs/operations/backup-restore.md,umgesetzt
T-060,V1,MUSS,11 Technische Rahmenbedingungen,"Zeitzonen- und sommerzeitfeste Verarbeitung, standardmäßig Europe/Berlin.",,BP-03,"IANA-Zeitzonenvertrag für Setup/Snapshots/Vorlagen; UTC-Persistenz und Event-Zeitzone für Eingabe, Anzeige und Auditfilter; Unit-Tests für Sommer-/Winteroffset, Tagesgrenze, DST-Lücke und doppelte Herbstzeit",umgesetzt
T-070,V1,MUSS,11 Technische Rahmenbedingungen,Getrennte Test-/Abnahmeumgebung und Produktivumgebung.,,BP-11,Restore-Test + Betriebs-/Datenschutzprüfung + Umgebungsabnahme,geplant
T-080,V1,MUSS,11 Technische Rahmenbedingungen,"Vollständiger Quellcode, Konfiguration und Deploymentbeschreibung gehen in das uneingeschränkte Nutzungsrecht des Auftraggebers über; ein Betreiberwechsel darf nicht durch propr…",,BP-11,Restore + Übergabe-/Providerwechselplan; Lizenzfreigabe offen,in Arbeit
T-090,V1,MUSS,11 Technische Rahmenbedingungen,Echtzeitaktualisierung erfolgt über eine geeignete Push-Technik mit automatischem Fallback und Wiederverbindung.,,BP-02,WebSocket mit 1–15-s-Reconnect/15-s-Polling + Unit/E2E/Browser,umgesetzt
T-100,V1,MUSS,11 Technische Rahmenbedingungen,"Die technische Umsetzung muss die fachlichen Ereignisse, Zustandsübergänge und Invarianten transaktional konsistent verarbeiten.",,BP-02,D1-Batch Zustand/Ledger/Idempotenz/Outbox + E2E Dublette/Stale/Übergänge,umgesetzt
